City_ID,City,Lat,Lng,Max Temp,Humidity,Cloudiness,Wind Speed,Country,Date
0,port elizabeth,-33.918,25.5701,12.95,88,0,3.6,ZA,1722543588
1,ushuaia,-54.8,-68.3,3.81,87,20,4.63,AR,1722543589
2,polyarnyy,69.1989,33.4478,9.96,95,99,4.78,RU,1722543590
3,puerto ayora,-0.7393,-90.3518,26.98,85,70,4.8,EC,1722543591
4,la passe,45.5549,-0.8967,23.13,81,0,3.95,FR,1722543592
5,greymouth,-42.4667,171.2,-0.05,89,7,3.85,NZ,1722543593
6,kodiak,57.79,-152.4072,14.73,63,0,1.54,US,1722543594
7,namsos,64.4662,11.4957,13.95,77,75,1.54,NO,1722543596
8,larkird,35.4894,66.6641,16.66,37,0,1.74,AF,1722543597
9,turbat,26.0023,63.044,29.08,77,100,4.1,PK,1722543598
10,gambela,8.25,34.5833,22.16,85,100,1.05,ET,1722543599
11,invercargill,-46.4,168.35,3.34,92,76,0.45,NZ,1722543600
12,bethel,41.3712,-73.414,34.33,55,0,0.45,US,1722543601
13,tiksi,71.6872,128.8694,3.19,72,99,0.67,RU,1722543602
14,margaret river,-33.95,115.0667,11.07,65,97,2.59,AU,1722543603
15,rio grande,-32.035,-52.0986,21.06,74,28,6.69,BR,1722543604
16,talnakh,69.4865,88.3972,19.05,51,100,0.55,RU,1722543605
17,longyearbyen,78.2186,15.6401,12.91,67,0,1.54,SJ,1722543606
18,mariental,-24.6333,17.9667,12.89,18,0,4.15,NA,1722543607
19,blackmans bay,-43.0167,147.3167,4.74,95,72,0.45,AU,1722543608
20,grytviken,-54.2811,-36.5092,-4.08,62,90,1.28,GS,1722543609
21,wotho,10.1657,166.0102,28.01,77,9,1.86,MH,1722543610
22,edinburgh of the seven seas,-37.0676,-12.3116,12.96,78,14,15.6,SH,1722543611
23,puerto natales,-51.7236,-72.4875,4.25,87,75,1.54,CL,1722543612
24,port alfred,-33.5906,26.891,12.32,88,17,0.45,ZA,1722543613
25,adamstown,-25.066,-130.1015,19.23,93,100,2.85,PN,1722543615
26,malango,-2.9627,119.9001,17.59,99,26,1.07,ID,1722543616
27,papatowai,-46.5619,169.4708,6.84,76,84,1.45,NZ,1722543618
28,nova sintra,14.8667,-24.7167,25.11,76,1,6.93,CV,1722543619
29,valozhyn,54.0909,26.5225,13.97,84,82,2.23,BY,1722543621
30,west island,-12.1568,96.8225,26.99,74,40,6.69,CC,1722543622
31,port lincoln,-34.7333,135.8667,12.08,45,100,6.6,AU,1722543623
32,happy valley-goose bay,53.3168,-60.3315,22.17,88,75,5.14,CA,1722543624
33,port-aux-francais,-49.35,70.2167,4.5,90,100,14.8,TF,1722543625
34,waitangi,-43.9535,-176.5597,7.12,85,64,0.45,NZ,1722543626
35,anadyr,64.75,177.4833,6.28,86,75,7.0,RU,1722543627
36,port mathurin,-19.6833,63.4167,22.45,74,5,2.49,MU,1722543628
37,new norfolk,-42.7826,147.0587,5.4,98,75,1.03,AU,1722543629
38,perry,37.2506,-83.1999,30.4,45,78,2.71,US,1722543630
39,badger,64.8,-147.5333,15.95,67,100,4.63,US,1722543631
40,udachny,66.4167,112.4,7.49,65,0,1.43,RU,1722543632
41,tangalle,6.024,80.7911,25.45,90,100,3.57,LK,1722543633
42,kailua-kona,19.6406,-155.9956,26.98,83,40,4.12,US,1722543634
43,guanica,17.9716,-66.908,31.17,57,79,6.77,PR,1722543635
44,ilulissat,69.2167,-51.1,3.01,100,100,2.06,GL,1722543636
45,ca mau,9.1769,105.15,25.38,93,100,1.35,VN,1722543639
46,hermanus,-34.4187,19.2345,8.78,78,55,0.05,ZA,1722543640
47,bredasdorp,-34.5322,20.0403,8.87,89,13,1.8,ZA,1722543641
48,tura,25.5198,90.2201,23.91,98,100,2.43,IN,1722543642
49,tazovsky,67.4667,78.7,13.92,90,34,3.57,RU,1722543643
50,amos,48.5669,-78.1162,30.59,40,47,3.92,CA,1722543644
51,barra de santo antonio,-9.4047,-35.5072,25.6,75,0,5.96,BR,1722543645
52,yellowknife,62.456,-114.3525,14.67,69,75,4.63,CA,1722543646
53,shitanjing,39.2342,106.3439,20.9,60,100,4.17,CN,1722543647
54,sao gabriel da cachoeira,-0.1303,-67.0892,28.3,70,100,1.53,BR,1722543648
55,afaahiti,-17.75,-149.2833,24.93,61,0,6.18,PF,1722543650
56,lihue,21.9789,-159.3672,28.58,68,20,5.66,US,1722543651
57,yinchuan,38.4681,106.2731,26.99,36,100,6.89,CN,1722543430
58,shimoda,34.6667,138.95,25.06,83,31,2.09,JP,1722543654
59,yuzhno-kurilsk,44.0306,145.8556,15.62,97,100,3.24,RU,1722543655
60,novo aripuana,-5.1206,-60.3797,38.21,20,32,3.06,BR,1722543656
61,punta arenas,-53.15,-70.9167,5.01,93,100,4.12,CL,1722543376
62,wailua homesteads,22.0669,-159.378,28.24,68,20,5.66,US,1722543658
63,anzio,41.4853,12.6179,28.51,80,0,1.13,IT,1722543659
64,khandyga,62.6667,135.6,5.2,91,60,0.99,RU,1722543660
65,nar'yan-mar,67.6713,53.087,14.21,96,100,4.14,RU,1722543661
66,hanzhong,33.0728,107.0303,23.33,91,47,0.74,CN,1722543662
67,iqaluit,63.7506,-68.5145,7.85,65,20,5.14,CA,1722543663
68,portland,45.5234,-122.6762,34.18,50,5,0.89,US,1722543090
69,enewetak,11.3474,162.3373,28.36,76,64,4.09,MH,1722543665
70,coracora,-15.0333,-73.7833,17.87,26,1,5.37,PE,1722543666
71,qaqortoq,60.7167,-46.0333,6.77,80,57,3.58,GL,1722543667
72,vila velha,-20.3297,-40.2925,22.97,81,75,5.66,BR,1722543668
73,duba,27.3513,35.6901,31.15,65,0,2.62,SA,1722543669
74,stanley,54.868,-1.6985,18.73,84,20,1.54,GB,1722543670
75,bilibino,68.0546,166.4372,6.1,54,37,1.58,RU,1722543671
76,vokhtoga,58.8147,41.0461,13.72,97,100,2.14,RU,1722543554
77,whitehorse,60.7161,-135.0538,13.43,67,75,1.54,CA,1722543673
78,yermakovskoye,53.2831,92.4003,15.59,86,19,1.37,RU,1722543675
79,zhigalovo,54.8097,105.1578,13.95,98,95,0.62,RU,1722543676
80,posto fiscal rolim de moura,-13.0833,-62.2667,37.86,15,2,2.18,BR,1722543677
81,tandag,9.0783,126.1986,24.7,88,100,2.0,PH,1722543678
82,vorgashor,67.5833,63.95,15.2,85,48,4.2,RU,1722543679
83,hawaiian paradise park,19.5933,-154.9731,26.73,71,100,1.34,US,1722543680
84,atafu village,-8.5421,-172.5159,27.84,74,64,8.2,TK,1722543681
85,laojunmiao,39.8333,97.7333,16.74,69,100,3.11,CN,1722543682
86,fortuna,40.5982,-124.1573,20.51,88,0,5.14,US,1722543683
87,codrington,-38.2667,141.9667,5.09,71,9,5.15,AU,1722543684
88,nemuro,43.3236,145.575,15.71,94,95,5.29,JP,1722543685
89,kirakira,-10.4544,161.9205,25.77,86,28,4.36,SB,1722543686
90,lerwick,60.1545,-1.1494,15.0,86,53,2.07,GB,1722543687
91,alapayevsk,57.8516,61.6963,13.95,95,21,2.01,RU,1722543688
92,troitskiy,57.0603,63.7481,14.68,95,6,2.0,RU,1722543689
93,zorritos,-3.6805,-80.6782,25.16,74,12,6.15,PE,1722543690
94,jamestown,42.097,-79.2353,31.12,71,75,3.09,US,1722543538
95,laminusa,5.5549,120.9136,28.35,73,98,2.15,PH,1722543693
96,ballina,-28.8667,153.5667,7.66,82,18,5.05,AU,1722543694
97,egersund,58.4513,5.9997,15.21,75,58,5.09,NO,1722543696
98,kisangani,0.5167,25.2,24.47,68,32,1.22,CD,1722543697
99,pokachi,61.7198,75.3683,16.31,74,57,4.5,RU,1722543698
100,zuwarah,32.9312,12.082,27.09,77,0,4.71,LY,1722543699
101,mae chai,19.346,99.814,22.68,99,100,1.77,TH,1722543701
102,potosi,-19.5836,-65.7531,16.48,23,0,6.17,BO,1722543549
103,puerto baquerizo moreno,-0.9,-89.6,23.55,88,75,5.14,EC,1722543703
104,hamilton,39.1834,-84.5333,33.38,69,0,3.09,US,1722543588
105,isafjordur,66.0755,-23.124,6.04,95,100,6.28,IS,1722543705
106,phnom penh,11.5625,104.916,25.95,100,40,1.03,KH,1722543590
107,swift current,50.2834,-107.8014,29.45,24,0,2.57,CA,1722543612
108,tofol,5.3248,163.0078,28.77,70,98,2.48,FM,1722543708
109,egilsstadir,65.2653,-14.3948,9.95,93,75,4.12,IS,1722543709
110,avarua,-21.2078,-159.775,23.03,49,100,1.03,CK,1722543710
111,gilgit,35.9221,74.3087,28.29,52,28,2.94,PK,1722543711
112,acapulco de juarez,16.8634,-99.8901,30.9,74,75,4.63,MX,1722543712
113,ceeldheer,3.8488,47.1806,24.44,84,58,7.67,SO,1722543714
114,kapa'a,22.0752,-159.319,28.99,68,20,5.66,US,1722543715
115,lakatoro,-16.0999,167.4164,23.81,81,61,3.07,VU,1722543716
116,hithadhoo,-0.6,73.0833,28.17,79,100,3.59,MV,1722543717
117,thunder bay,48.4001,-89.3168,30.95,51,75,4.12,CA,1722543634
118,isla del bosque,22.7333,-105.85,31.99,61,41,4.12,MX,1722543719
119,hadibu,12.65,54.0333,25.59,82,98,9.09,YE,1722543720
120,dzhalagash,45.0833,64.6667,28.99,20,0,5.3,KZ,1722543721
121,labytnangi,66.6572,66.4183,15.37,94,91,3.61,RU,1722543722
122,college,64.8569,-147.8028,15.99,68,100,4.63,US,1722543723
123,georgetown,5.4112,100.3354,27.96,78,20,2.06,MY,1722543724
124,alvaraes,-3.2208,-64.8042,33.93,36,100,0.51,BR,1722543725
125,mahanoro,-19.9,48.8,19.8,85,88,2.0,MG,1722543434
126,canto do buriti,-8.11,-42.9444,31.73,26,0,4.52,BR,1722543727
127,qinnan,33.2531,119.9133,25.54,95,86,1.48,CN,1722543728
128,charters towers,-20.1,146.2667,11.96,91,1,3.1,AU,1722543729
129,awjilah,29.1081,21.2869,31.63,27,0,5.74,LY,1722543730
130,botshabelo,-29.2702,26.7052,13.65,55,53,6.65,ZA,1722543553
131,kandi,11.1342,2.9386,24.14,90,30,1.88,BJ,1722543732
132,manaure,11.7751,-72.4445,30.55,66,100,6.74,CO,1722543734
133,iskateley,67.6803,53.1512,14.32,96,99,4.12,RU,1722543674
134,dalandzadgad,43.5708,104.425,21.23,51,3,3.67,MN,1722543736
135,kone,-21.0595,164.8658,17.31,87,100,1.6,NC,1722543737
136,vilyuchinsk,52.9306,158.4028,15.15,91,82,1.17,RU,1722543738
137,viedma,-40.8135,-62.9967,18.89,51,100,4.68,AR,1722543739
138,dalby,-27.1833,151.2667,6.19,67,0,2.32,AU,1722543740
139,colonia,50.9333,6.95,20.88,89,75,3.09,DE,1722543731
140,sheridan,44.8333,-106.9173,35.73,20,0,2.57,US,1722543742
141,dampit,-8.2116,112.7493,20.37,99,42,1.22,ID,1722543743
142,aasiaat,68.7098,-52.8699,3.37,83,16,2.94,GL,1722543744
143,terbanggi besar,-4.8667,105.2333,23.75,95,2,3.28,ID,1722543745
144,margate,51.3813,1.3862,19.61,84,29,3.99,GB,1722543746
145,borgonovo valtidone,45.0144,9.4435,27.15,70,0,3.1,IT,1722543747
146,san patricio,28.017,-97.5169,33.84,50,0,6.07,US,1722543748
147,nguigmi,14.2495,13.1092,25.37,76,99,5.06,NE,1722543749
148,yigo village,13.5361,144.8886,25.41,90,100,5.66,GU,1722543750
149,rio san juan,19.6439,-70.0763,24.81,93,100,3.89,DO,1722543752
150,ambodifotatra,-16.9833,49.85,23.54,62,0,4.54,MG,1722543754
151,labrador city,52.9463,-66.9114,25.1,40,40,3.6,CA,1722543755
152,st. john's,47.5649,-52.7093,27.66,66,75,7.72,CA,1722543756
153,susuman,62.7833,148.1667,2.29,84,98,2.11,RU,1722543757
154,petropavlovsk-kamchatsky,53.0452,158.6483,14.33,100,75,1.0,RU,1722543758
155,inyonga,-6.7167,32.0667,18.65,32,5,2.22,TZ,1722543759
156,tougan,13.0667,-3.0667,28.36,68,93,3.74,BF,1722543760
157,ust-nera,64.5667,143.2,3.85,97,99,3.3,RU,1722543761
158,luderitz,-26.6481,15.1594,14.8,48,0,6.8,NA,1722543762
159,embalenhle,-26.5333,29.0667,10.31,85,16,3.19,ZA,1722543763
160,guerrero negro,27.9769,-114.0611,26.64,51,3,6.13,MX,1722543764
161,ribeira grande,38.5167,-28.7,26.22,83,40,3.09,PT,1722543765
162,harper,4.375,-7.7169,23.65,87,100,5.39,LR,1722543766
163,emerald,-23.5333,148.1667,6.3,55,0,3.78,AU,1722543754
164,sao jose da coroa grande,-8.8978,-35.1478,24.61,76,0,6.07,BR,1722543768
165,heroica caborca,30.7167,-112.15,35.89,33,73,1.28,MX,1722543769
166,igrim,63.1906,64.4162,14.3,92,29,2.49,RU,1722543770
167,olyokminsk,60.3736,120.4264,7.41,72,14,0.67,RU,1722543771
168,weno,7.4515,151.8468,26.97,89,100,0.0,FM,1722543773
169,dudinka,69.4058,86.1778,15.5,54,100,2.91,RU,1722543774
170,veraval,20.9,70.3667,27.52,87,100,10.23,IN,1722543775
171,kavaratti,10.5669,72.642,27.98,83,100,7.37,IN,1722543776
172,hun,29.1268,15.9477,31.55,24,0,2.7,LY,1722543777
173,macau,22.2006,113.5461,28.89,89,40,5.14,MO,1722543728
174,flying fish cove,-10.4217,105.6791,23.82,88,40,4.12,CX,1722543779
175,sainte-agathe-des-monts,46.0501,-74.2825,29.68,71,0,3.55,CA,1722543606
176,ola,59.5833,151.2833,9.46,90,100,5.97,RU,1722543781
177,alice springs,-23.7,133.8833,4.75,56,0,2.57,AU,1722543782
178,sorong,-0.8833,131.25,25.11,89,99,5.02,ID,1722543783
179,tadine,-21.55,167.8833,18.43,83,92,5.92,NC,1722543784
180,porto novo,6.4965,2.6036,25.9,88,36,3.72,BJ,1722543785
181,albany,42.6001,-73.9662,32.6,50,3,0.89,US,1722543620
182,parauapebas,-6.0675,-49.9022,32.99,45,20,2.57,BR,1722543787
183,kanggye,40.9695,126.5852,23.07,97,100,1.17,KP,1722543788
184,vadso,70.0744,29.7487,13.09,94,75,5.14,NO,1722543789
185,hammerfest,70.6634,23.6821,15.25,88,0,4.12,NO,1722543790
186,safi,32.1667,-8.8333,25.48,54,0,5.95,MA,1722543791
187,dhidhdhoo,6.8833,73.1,28.43,79,100,5.32,MV,1722543792
188,pandan,14.0453,124.1694,26.0,87,68,2.32,PH,1722543793
189,stephenville,32.2207,-98.2023,38.42,20,0,3.6,US,1722543794
190,acarau,-2.8856,-40.12,26.55,68,7,8.22,BR,1722543796
191,port hedland,-20.3167,118.5667,18.03,82,96,2.57,AU,1722543797
192,fort mcmurray,56.7268,-111.381,24.73,41,40,3.09,CA,1722543798
193,markala,13.7021,-6.0659,26.45,84,100,4.32,ML,1722543799
194,havre,49.5833,0.3333,20.19,88,57,3.09,FR,1722543800
195,kertih,4.5141,103.4483,25.01,94,82,0.0,MY,1722543801
196,labarthe-sur-leze,43.4521,1.3997,24.9,69,0,3.6,FR,1722543802
197,rongelap,11.1635,166.8941,28.02,79,54,3.2,MH,1722543803
198,al bawiti,28.3492,28.8659,32.42,21,6,3.83,EG,1722543804
199,coquimbo,-29.9533,-71.3436,13.85,86,100,6.17,CL,1722543805
200,east end,34.5507,-92.341,37.01,53,4,0.45,US,1722543806
201,saipan,15.1355,145.701,28.39,83,75,1.54,MP,1722543807
202,xincheng,33.6333,115.1833,24.98,97,3,2.76,CN,1722543808
203,klyuchi,52.2667,79.1667,23.02,46,68,2.95,RU,1722543809
204,bardai,11.65,7.2333,23.02,86,100,3.07,NG,1722543810
205,elmina,5.0898,-1.348,23.49,92,93,4.47,GH,1722543811
206,olonkinbyen,70.9221,-8.7187,5.2,97,100,7.24,SJ,1722543812
207,pacocha,-17.5833,-71.3333,18.08,68,75,3.6,PE,1722543814
208,westerland,54.9079,8.3033,17.01,67,75,5.66,DE,1722543815
209,zouerate,22.7187,-12.4521,38.97,6,0,6.41,MR,1722543817
210,arraial do cabo,-22.9661,-42.0278,22.92,64,0,6.17,BR,1722543818
211,taro,-8.3862,115.28,22.0,100,36,0.35,ID,1722543819
212,buncrana,55.1333,-7.45,19.87,89,100,1.65,IE,1722543820
213,matias romero,16.8833,-95.0333,30.15,62,87,7.07,MX,1722543821
214,bousso,10.4795,16.7117,23.82,89,100,1.78,TD,1722543822
215,california city,35.1258,-117.9859,37.87,12,0,6.17,US,1722543823
216,sebastian,35.1668,-94.2669,36.33,34,17,2.11,US,1722543824
217,berdigestyakh,62.0989,126.6992,9.58,58,97,1.38,RU,1722543825
218,valparaiso,-33.0393,-71.6273,13.97,81,100,7.2,CL,1722543826
219,tinajo,29.0788,-13.7081,23.49,69,20,11.83,ES,1722543827
220,cody,44.5263,-109.0565,32.11,25,0,4.12,US,1722543828
221,saint-joseph,-21.3667,55.6167,20.21,68,66,2.37,RE,1722543829
222,haiku-pauwela,20.9219,-156.3051,26.81,70,20,9.26,US,1722543830
223,torbat-e heydariyeh,35.274,59.2195,25.49,28,0,5.28,IR,1722543831
224,correntina,-13.3433,-44.6367,28.49,26,4,4.33,BR,1722543832
225,kruisfontein,-34.0033,24.7314,11.05,86,1,2.76,ZA,1722543833
226,mount pearl,47.5166,-52.7813,27.19,66,75,7.72,CA,1722543834
227,cabedelo,-6.9811,-34.8339,26.37,74,0,7.35,BR,1722543835
228,keflavik,64.0049,-22.5624,12.95,76,75,5.14,IS,1722543836
229,east london,-33.0153,27.9116,15.47,66,79,2.95,ZA,1722543837
230,bikenibeu village,1.3673,173.1241,28.98,79,20,2.06,KI,1722543839
231,pagar alam,-4.0167,103.2667,19.51,90,29,1.03,ID,1722543840
232,tokar,18.4254,37.729,32.72,47,95,10.61,SD,1722543841
233,sao joao da barra,-21.6403,-41.0511,23.05,65,2,5.53,BR,1722543842
234,san antonio de pale,-1.4014,5.6325,22.74,80,99,5.55,GQ,1722543843
235,arica,-18.475,-70.3042,21.75,67,0,3.6,CL,1722543844
236,kilifi,-3.6305,39.8499,24.11,79,3,7.0,KE,1722543845
237,aykhal,66.0,111.5,7.17,65,5,1.6,RU,1722543846
238,maxixe,-23.8597,35.3472,18.65,79,1,3.06,MZ,1722543847
239,tezu,27.9167,96.1667,23.56,97,71,1.84,IN,1722543848
240,vikulovo,56.8167,70.6107,19.25,87,89,5.25,RU,1722543849
241,massena,44.9281,-74.8919,30.99,55,0,4.12,US,1722543850
242,karimpur,23.9667,88.6167,25.46,96,100,7.67,IN,1722543851
243,sitka,57.0531,-135.33,15.94,72,75,0.0,US,1722543852
244,sandnessjoen,66.0217,12.6316,15.29,77,75,3.09,NO,1722543614
245,koshki,54.2091,50.4677,14.63,91,75,3.05,RU,1722543617
246,mcminnville,45.2101,-123.1987,34.34,49,0,2.06,US,1722543855
247,usinsk,65.9939,57.5281,15.6,85,0,4.64,RU,1722543857
248,fort st. john,56.2499,-120.8529,20.94,43,75,5.14,CA,1722543858
249,horsham,51.064,-0.3272,21.12,81,20,2.06,GB,1722543528
250,guisa,20.255,-76.5386,31.46,57,65,4.68,CU,1722543860
251,pangkalanbuun,-2.6833,111.6167,22.98,100,16,0.43,ID,1722543861
252,kudahuvadhoo,2.6708,72.8944,28.28,71,100,0.49,MV,1722543862
253,bengkulu,-3.8004,102.2655,23.99,93,62,2.93,ID,1722543863
254,fisterra,42.9049,-9.2629,21.12,87,0,7.39,ES,1722543864
255,lebu,-37.6167,-73.65,11.1,97,100,6.34,CL,1722543865
256,barcelos,41.5388,-8.6151,21.06,90,0,3.15,PT,1722543866
257,mermoz boabab,14.7065,-17.4758,28.31,69,40,4.12,SN,1722543867
258,callao,-12.0667,-77.15,25.79,78,19,3.93,PE,1722543868
259,dryden,49.7833,-92.7503,28.16,42,0,3.09,CA,1722543869
260,muravlenko,63.7898,74.523,15.95,67,3,3.37,RU,1722543870
261,aldan,58.6031,125.3894,5.99,83,25,1.53,RU,1722543871
262,saint-philippe,-21.3585,55.7679,20.77,67,61,4.08,RE,1722543872
263,port blair,11.6667,92.75,27.02,89,75,0.51,IN,1722543873
264,broome,42.2506,-75.833,32.59,53,4,1.34,US,1722543874
265,ormara,25.2088,64.6357,28.19,87,100,7.08,PK,1722543875
266,choix,26.7092,-108.3219,36.55,36,3,3.15,MX,1722543876
267,phalaborwa,-23.943,31.1411,17.6,66,0,1.12,ZA,1722543877
268,rikaze,29.25,88.8833,15.39,44,93,2.81,CN,1722543878
269,sur,22.5667,59.5289,31.99,58,74,6.82,OM,1722543880
270,lycksele,64.5954,18.6735,13.93,82,100,4.63,SE,1722543881
271,contamana,-7.3333,-75.0167,37.98,20,0,2.45,PE,1722543882
272,ulladulla,-35.35,150.4667,7.51,83,12,3.36,AU,1722543883
273,ribeira brava,32.65,-17.0667,25.4,83,0,3.06,PT,1722543884
274,carovigno,40.708,17.655,27.38,47,0,3.37,IT,1722543885
275,les cayes,18.2,-73.75,29.71,69,80,3.32,HT,1722543886
276,mahina,-17.5065,-149.489,25.87,50,0,2.06,PF,1722543887
277,corner brook,48.9667,-57.9484,27.09,87,98,3.83,CA,1722543888
278,sivas,39.7916,37.0019,13.35,94,0,5.66,TR,1722543889
279,karasburg,-28.0167,18.75,11.31,14,0,3.1,NA,1722543890
280,robertsport,6.7533,-11.3686,24.95,88,100,7.15,LR,1722543891
281,edea,3.8,10.1333,22.58,95,91,0.78,CM,1722543892
282,huarmey,-10.0681,-78.1522,20.28,74,11,3.82,PE,1722543893
283,port macquarie,-31.4333,152.9167,10.6,84,46,1.34,AU,1722543711
284,timbuktu,16.7735,-3.0074,33.8,45,99,4.14,ML,1722543895
285,daru,-9.0763,143.2092,24.29,90,100,7.84,PG,1722543896
286,bodo,67.28,14.405,15.02,83,75,3.6,NO,1722543897
287,kzyltu,53.6364,72.3414,21.57,72,100,7.43,KZ,1722543898
288,remire-montjoly,4.9167,-52.2667,31.02,70,6,1.54,GF,1722543899
289,eyl,7.9803,49.8164,26.19,68,64,13.32,SO,1722543900
290,mulayjah,27.271,48.4242,37.23,14,11,4.21,SA,1722543902
291,sao vicente,-23.9631,-46.3919,24.04,72,100,2.06,BR,1722543820
292,borgo san dalmazzo,44.333,7.4858,24.41,81,0,1.34,IT,1722543904
293,fort bragg,35.139,-79.006,36.49,51,0,2.57,US,1722543905
294,aioun,16.6614,-9.6149,36.72,28,89,5.63,MR,1722543906
295,umba,66.6871,34.3429,14.91,87,94,2.8,RU,1722543907
296,gadzhiyevo,69.2551,33.3362,9.91,95,100,5.1,RU,1722543908
297,lata,40.1629,-8.3327,19.49,91,14,2.4,PT,1722543909
298,chunskiy,56.0815,99.6342,12.99,93,7,1.02,RU,1722543910
299,vila franca do campo,37.7167,-25.4333,24.23,74,12,1.96,PT,1722543911
300,taroa,8.7058,171.2275,28.07,78,100,6.26,MH,1722543912
301,saynshand,44.8824,110.1163,21.58,60,100,4.26,MN,1722543913
302,utrik,11.2278,169.8474,28.36,77,63,3.69,MH,1722543914
303,ghogha,21.6833,72.2833,27.71,83,100,7.39,IN,1722543915
304,damghan,36.1683,54.348,26.34,46,0,3.49,IR,1722543916
305,tolanaro,-25.0319,46.9987,17.48,73,0,3.12,MG,1722543917
306,muborak,39.2553,65.1528,31.98,11,0,6.4,UZ,1722543918
307,minas de marcona,-15.2119,-75.1103,17.83,58,17,3.42,PE,1722543919
308,cozumel,20.5083,-86.9458,33.04,58,20,6.69,MX,1722543921
309,irbit,57.6705,63.071,14.57,96,8,2.38,RU,1722543922
310,gerash,27.6652,54.1371,28.08,32,99,0.71,IR,1722543923
311,pisco,-13.7,-76.2167,18.03,77,0,4.12,PE,1722543924
312,chiredzi,-21.05,31.6667,17.83,48,0,3.05,ZW,1722543925
313,naze,28.3667,129.4833,25.51,87,18,2.46,JP,1722543926
314,monrovia,6.3005,-10.7969,24.87,89,100,6.26,LR,1722543927
315,ingeniero jacobacci,-41.3427,-69.5448,11.02,49,100,14.67,AR,1722543928
316,najaf,31.9985,44.3398,37.88,17,0,3.09,IQ,1722543929
317,bereznik,62.8551,42.7072,13.76,96,91,1.9,RU,1722543931
318,patan,27.6667,85.3333,21.21,94,75,2.06,NP,1722543932
319,laghouat,33.8,2.8651,36.45,13,89,5.08,DZ,1722543933
320,kingston,17.997,-76.7936,30.65,76,100,2.08,JM,1722543592
321,shatrovo,56.5167,64.6333,15.96,93,4,2.06,RU,1722543935
322,taoudenni,22.6783,-3.9836,40.81,13,9,6.56,ML,1722543936
323,nabire,-3.3667,135.4833,23.89,95,83,1.48,ID,1722543937
324,newman,37.3138,-121.0208,37.19,13,99,1.36,US,1722543938
325,morehead city,34.7229,-76.726,33.03,79,0,7.72,US,1722543939
326,patterson,37.4716,-121.1297,35.54,15,90,2.55,US,1722543940
327,ebon,4.582,168.6964,28.32,75,42,3.67,MH,1722543941
328,fale old settlement,-9.3852,-171.2468,27.52,69,100,8.2,TK,1722543942
329,yerofey pavlovich,53.9667,121.9667,8.31,65,48,0.98,RU,1722543943
330,gbarnga,6.9956,-9.4722,21.82,99,92,1.59,LR,1722543945
331,mejit,10.2753,170.8646,28.21,76,53,3.12,MH,1722543946
332,buta,2.7858,24.73,22.22,86,70,0.94,CD,1722543947
333,wamba,8.9333,8.6,22.59,93,100,0.18,NG,1722543948
334,arkhangel'sk,64.5401,40.5433,16.06,100,100,2.0,RU,1722543949
335,macon,39.8667,-88.9668,29.93,74,20,5.14,US,1722543840
336,hirara,24.8,125.2833,28.92,94,20,2.57,JP,1722543952
337,mil'kovo,55.6078,37.7956,16.84,68,53,3.66,RU,1722543953
338,salinas,36.6777,-121.6555,28.37,67,0,5.66,US,1722543954
339,zaqatala,41.6336,46.6433,23.26,78,75,4.12,AZ,1722543955
340,itaituba,-4.2761,-55.9836,34.09,46,20,2.06,BR,1722543956
341,mana,5.6592,-53.7767,28.84,65,0,3.27,GF,1722543957
342,lazaro cardenas,17.9583,-102.2,31.42,56,100,3.68,MX,1722543958
343,moab,38.5733,-109.5498,40.9,6,0,2.6,US,1722543819
344,gijang,35.2442,129.2139,25.85,93,1,3.13,KR,1722543960
345,amga,60.8953,131.9608,7.71,70,84,1.07,RU,1722543961
346,kalabo,-14.97,22.6814,18.19,21,0,2.99,ZM,1722543963
347,cassilandia,-19.1133,-51.7342,31.7,19,9,5.17,BR,1722543964
348,namibe,-15.1961,12.1522,17.12,85,51,1.94,AO,1722543965
349,katsuren-haebaru,26.3369,127.8719,29.21,85,40,2.57,JP,1722543966
350,chern',53.4523,36.9145,13.11,91,92,3.94,RU,1722543673
351,bontang,0.1333,117.5,25.28,89,58,3.01,ID,1722543968
352,constantia,44.1833,28.65,22.61,64,35,6.29,RO,1722543763
353,gunnison,38.7,-107.0673,27.17,11,99,2.53,US,1722543970
354,lorengau,-2.0226,147.2712,27.48,79,58,4.25,PG,1722543971
355,brush,40.2589,-103.6238,35.82,26,0,3.6,US,1722543972
356,nizhneudinsk,54.9076,99.0276,12.86,83,3,1.11,RU,1722543973
357,yulinshi,38.2906,109.7494,26.51,51,100,3.43,CN,1722543975
358,port saint john's,-31.6229,29.5448,15.49,82,82,3.34,ZA,1722543976
359,port shepstone,-30.7414,30.455,17.38,86,61,6.32,ZA,1722543977
360,saurimo,-9.6608,20.3916,20.66,19,7,2.03,AO,1722543978
361,sao jose de ribamar,-2.5619,-44.0542,30.21,72,77,5.44,BR,1722543980
362,brisas de zicatela,15.8369,-97.0419,31.29,74,75,4.12,MX,1722543981
363,tabou,4.423,-7.3528,23.62,88,100,5.03,CI,1722543983
364,sharjah,25.3573,55.4033,35.99,66,0,2.57,AE,1722543984
365,george town,5.4112,100.3354,27.96,78,20,2.06,MY,1722543845
366,ugoofaaru,5.6667,73.0,28.54,76,100,4.75,MV,1722543986
367,idri,27.5,13.2667,31.69,17,0,4.59,LY,1722543987
368,ancud,-41.8697,-73.8203,10.64,85,100,11.73,CL,1722543988
369,sinop,41.7711,34.8709,15.24,68,0,2.35,TR,1722543989
370,karratha,-20.7377,116.8463,19.28,71,99,6.27,AU,1722543990
371,tralee,52.2704,-9.7026,16.62,82,67,2.42,IE,1722543991
372,salekhard,66.53,66.6019,15.2,95,80,3.47,RU,1722543853
373,san felipe,10.3399,-68.7425,32.69,40,92,4.23,VE,1722543993
374,nikolayevsk-on-amure,53.1406,140.73,12.9,98,100,1.65,RU,1722543994
375,clarence town,-32.5833,151.7833,11.03,95,100,1.6,AU,1722543995
376,ataq,14.5377,46.8319,30.88,44,100,4.26,YE,1722543996
377,puerto penasco,31.3167,-113.5333,36.99,68,40,7.72,MX,1722543713
378,chincholi,17.4667,77.4333,23.86,88,100,7.08,IN,1722543998
379,brokopondo,4.75,-55.1667,31.47,54,24,1.53,SR,1722543999
380,argentan,48.75,-0.0167,18.85,95,0,1.84,FR,1722544000
381,san luis de la loma,17.2706,-100.8939,31.55,58,100,3.07,MX,1722544002
382,guangyuan,32.442,105.823,24.32,92,10,1.05,CN,1722544003
383,adigrat,14.277,39.462,14.54,86,100,2.07,ET,1722544004
384,wahpeton,46.2652,-96.6059,29.4,48,0,5.66,US,1722543776
385,aljezur,37.3191,-8.8033,17.82,92,2,6.2,PT,1722544006
386,north weeki wachee,28.5501,-82.5589,31.06,89,20,3.09,US,1722544007
387,tobelo,1.7284,128.0095,26.16,83,89,2.82,ID,1722544008
388,thompson,55.7435,-97.8558,25.09,41,75,8.75,CA,1722544009
389,pechora,65.1472,57.2244,15.05,72,10,0.61,RU,1722544010
390,box elder,41.5005,-112.8764,31.81,38,0,1.88,US,1722544011
391,alofi,-19.0595,-169.9187,22.94,78,29,4.63,NU,1722544012
392,bay roberts,47.5999,-53.2648,27.86,77,89,4.02,CA,1722544013
393,badagry,6.4167,2.8833,24.43,90,28,4.52,NG,1722544014
394,zdvinsk,54.7021,78.661,19.65,75,100,2.4,RU,1722544015
395,melito di porto salvo,37.9222,15.7714,27.97,61,0,5.14,IT,1722544017
396,canutama,-6.5339,-64.3831,38.41,20,29,1.37,BR,1722544018
397,cabo san lucas,22.8909,-109.9124,33.43,62,100,4.63,MX,1722544019
398,khada,27.1833,83.8833,26.11,94,100,3.61,IN,1722544020
399,cadale,2.7603,46.3222,24.87,84,100,7.86,SO,1722544021
400,tsiombe,-25.3,45.4833,17.53,67,50,1.1,MG,1722544022
401,andreapol',56.6513,32.2664,12.52,98,43,2.91,RU,1722544024
402,puerto carreno,6.189,-67.4859,31.0,60,48,2.25,CO,1722543842
403,yoloten,37.2989,62.3597,30.29,16,0,3.99,TM,1722544026
404,zaprudnya,56.5667,37.4333,12.89,97,49,2.67,RU,1722544027
405,shalqar,47.8333,59.6,26.96,27,0,7.01,KZ,1722544028
406,oum hadjer,13.2954,19.6966,25.35,83,100,2.6,TD,1722544029
407,cartagena,10.3997,-75.5144,31.79,66,20,5.14,CO,1722544030
408,bambanglipuro,-7.95,110.2833,23.13,94,21,1.67,ID,1722544031
409,richards bay,-28.783,32.0377,19.01,80,6,5.47,ZA,1722544032
410,lospalos,-8.5186,127.0025,21.44,86,100,3.39,TL,1722544033
411,nantucket,41.2835,-70.0995,29.08,80,0,6.17,US,1722543934
412,kupino,54.3663,77.2981,21.55,60,100,3.42,RU,1722544035
413,el alto,-4.2714,-81.2147,20.81,72,19,8.17,PE,1722544036
414,praia da vitoria,38.7333,-27.0667,26.53,78,40,1.45,PT,1722544037
415,ta`u,-14.2336,-169.5144,25.66,69,27,9.37,AS,1722544038
416,lachhmangarh sikar,27.8167,75.0333,26.09,87,100,2.32,IN,1722544039
417,kavieng,-2.5744,150.7967,27.54,81,56,5.18,PG,1722544040
418,nadym,65.5333,72.5167,17.64,64,59,0.6,RU,1722544041
419,palikir - national government center,6.9248,158.1611,27.65,73,89,1.89,FM,1722544042
420,pontianak,-0.0333,109.3333,24.99,100,100,1.54,ID,1722544043
421,cidreira,-30.1811,-50.2056,16.71,86,1,7.06,BR,1722544045
422,moires,35.0532,24.8744,25.42,52,0,1.79,GR,1722544046
423,kainantu,-6.2887,145.8655,15.74,98,92,0.96,PG,1722544047
424,puerto lempira,15.2667,-83.7667,31.08,66,40,0.0,HN,1722544048
425,airuk,7.2772,168.8203,28.72,75,12,6.09,MH,1722544049
426,mogadishu,2.0371,45.3438,24.63,85,80,7.32,SO,1722544050
427,umm ruwaba,12.9061,31.2158,25.14,66,56,3.86,SD,1722544051
428,gueret,46.1667,1.8667,20.89,83,1,1.27,FR,1722544052
429,uturoa,-16.7333,-151.4333,23.67,61,3,6.78,PF,1722544053
430,forster,-32.1667,152.5167,9.65,91,74,5.98,AU,1722544054
431,palmas,-10.2128,-48.3603,35.55,20,0,4.63,BR,1722543243
432,lupane,-18.9315,27.807,14.14,34,0,0.85,ZW,1722544056
433,castillos,-34.1667,-53.8333,19.63,73,100,3.07,UY,1722544057
434,likisa,-8.6695,125.6875,16.19,75,9,3.04,TL,1722544058
435,gaspra,44.4333,34.1,20.84,55,64,3.39,UA,1722544059
436,taksimo,56.3444,114.8794,16.69,92,100,0.54,RU,1722544060
437,hafnarfjordur,64.0671,-21.9377,12.93,67,75,3.09,IS,1722544061
438,lompoc,34.6391,-120.4579,27.14,66,0,6.17,US,1722544062
439,bahia blanca,-38.7196,-62.2724,20.27,69,100,3.68,AR,1722543838
440,dubreka,9.7911,-13.5233,27.04,92,100,2.04,GN,1722544064
441,ust'-barguzin,53.45,108.9833,14.0,99,100,1.62,RU,1722544065
442,shakhtersk,48.0625,38.5167,19.17,38,5,1.51,UA,1722544066
443,menongue,-14.6585,17.691,17.41,23,3,2.35,AO,1722544067
444,tarawa,1.419,172.984,29.05,79,20,2.06,KI,1722544069
445,saint-laurent-du-maroni,5.5039,-54.0289,28.84,65,100,2.33,GF,1722544070
446,vorkuta,67.5,64.0,15.2,86,48,3.95,RU,1722544071
447,brezina,33.0989,1.2608,34.72,13,40,5.27,DZ,1722544072
448,vikhorevka,56.1201,101.1636,13.77,95,45,1.37,RU,1722544073
449,songea,-10.6833,35.65,13.63,49,0,1.03,TZ,1722544074
450,tommot,58.9564,126.2925,10.04,79,91,0.86,RU,1722544076
451,qarazhal,48.0078,70.7903,27.91,23,6,2.11,KZ,1722544077
452,suva,-18.1416,178.4415,20.71,100,75,1.54,FJ,1722544078
453,firuzabad,28.8438,52.5707,31.92,30,63,4.02,IR,1722544079
454,benghazi,32.1167,20.0667,27.33,64,0,4.98,LY,1722544080
455,magalia,39.8121,-121.5783,33.95,30,36,0.89,US,1722544081
456,carnarvon,-24.8667,113.6333,15.8,63,44,6.91,AU,1722544082
457,entebbe,0.0644,32.4469,20.18,94,20,2.57,UG,1722544083
458,maracacume,-2.0428,-45.9592,29.32,57,69,2.84,BR,1722544084
459,mhamid,29.82,-5.72,38.06,10,0,4.12,MA,1722544085
460,novodvinsk,64.4165,40.8122,15.86,98,100,2.07,RU,1722544086
461,gateway,26.5776,-81.7504,36.1,52,40,3.6,US,1722544087
462,mossel bay,-34.1831,22.146,10.96,79,0,2.68,ZA,1722544088
463,corn island,12.1694,-83.0418,27.98,84,100,7.11,NI,1722544090
464,kurumkan,54.3,110.3,19.31,68,100,1.65,RU,1722544091
465,liaocheng,36.4439,115.9647,26.19,95,0,3.87,CN,1722544092
466,achinsk,56.2694,90.4993,15.9,87,17,2.02,RU,1722544093
467,ust-tsilma,65.441,52.1498,17.4,68,98,1.59,RU,1722544094
468,kapuskasing,49.4169,-82.4331,31.05,51,20,3.6,CA,1722544095
469,ylitornio,66.3089,23.6773,12.7,97,100,3.2,FI,1722544096
470,cabinda,-5.55,12.2,20.64,85,74,3.57,AO,1722544097
471,luwuk,-0.9516,122.7875,21.73,88,90,2.23,ID,1722544098
472,pishin,30.5803,66.9961,30.16,45,100,1.92,PK,1722544099
473,tual,-5.6667,132.75,25.2,86,98,8.89,ID,1722544100
474,coahuayana de hidalgo,18.7,-103.6583,33.16,55,78,3.42,MX,1722544101
475,makoua,0.0069,15.6333,27.93,43,29,0.92,CG,1722544102
476,clodomira,-27.5744,-64.1311,32.98,26,96,9.35,AR,1722544103
477,ciudad lazaro cardenas,17.9583,-102.2,31.42,56,100,3.68,MX,1722544104
478,qarqaraly,49.4058,75.4742,20.96,42,0,3.42,KZ,1722544105
479,kayenta,36.7278,-110.2546,33.24,13,92,4.26,US,1722544106
480,camocim,-2.9022,-40.8411,29.1,59,6,8.37,BR,1722544107
481,jimenez,28.3333,-105.4,34.84,27,0,0.66,MX,1722544108
482,lichinga,-13.3128,35.2406,14.05,58,0,4.63,MZ,1722544109
483,carahue,-38.7,-73.1667,11.48,95,100,3.54,CL,1722544110
484,bambari,5.768,20.6757,24.49,72,20,0.49,CF,1722544111
485,turkmenbasy,40.0222,52.9552,24.43,41,0,4.12,TM,1722544113
486,minas de matahambre,22.5887,-83.9447,32.3,58,31,3.87,CU,1722544114
487,at taraf,25.3628,49.725,35.3,25,100,1.98,SA,1722544115
488,sakakah,29.9697,40.2064,31.76,16,0,3.73,SA,1722544116
489,aksu,41.1231,80.2644,28.68,26,6,2.93,CN,1722544117
490,muroto-misakicho,33.2833,134.15,27.63,82,8,2.5,JP,1722544118
491,palmer,42.1584,-72.3287,33.12,49,40,3.6,US,1722544119
492,koryazhma,61.3143,47.1691,13.33,96,71,1.27,RU,1722544120
493,al wajh,26.2455,36.4525,30.97,74,0,3.6,SA,1722544121
494,leava,-14.3,-178.1667,26.21,77,72,5.92,WF,1722544122
495,upata,8.0086,-62.3989,31.77,57,41,2.1,VE,1722544123
496,bom jardim,-7.7958,-35.5872,22.54,71,47,6.21,BR,1722544124
497,new prague,44.5433,-93.5761,23.04,90,100,3.73,US,1722544125
498,las vegas,36.175,-115.1372,41.82,17,0,4.12,US,1722543711
499,vilyuysk,63.7553,121.6247,6.58,76,10,1.38,RU,1722544127
500,songyang,34.4553,113.0281,24.64,98,22,1.4,CN,1722544128
501,sol'-iletsk,51.1631,54.9918,18.56,62,0,3.08,RU,1722544129
502,limbe,4.0242,9.2149,23.68,92,73,1.57,CM,1722544130
503,kaohsiung,22.6163,120.3133,28.97,91,75,2.06,TW,1722544131
504,san pedro pochutla,15.7333,-96.4667,33.73,58,99,2.9,MX,1722544132
505,songjianghe,42.1859,127.479,19.67,98,100,1.95,CN,1722544133
506,esmeraldas,-19.7625,-44.3139,23.48,41,97,2.02,BR,1722544134
507,bima,-8.4667,118.7167,22.29,96,60,0.87,ID,1722544136
508,west helena,34.5507,-90.6418,34.86,35,3,4.36,US,1722544137
509,gumel,12.6279,9.3912,26.79,66,100,2.34,NG,1722544138
510,mount isa,-20.7333,139.5,15.87,41,0,2.06,AU,1722544139
511,pitangui,-19.6828,-44.8903,26.46,33,77,4.52,BR,1722544140
512,midvagur,62.0511,-7.1939,12.46,100,100,7.72,FO,1722544141
513,saint-pierre,-21.3393,55.4781,20.82,52,0,4.12,RE,1722544142
514,boguchar,49.9358,40.545,18.05,39,89,2.74,RU,1722544143
515,penzance,50.1186,-5.5371,17.38,86,37,4.99,GB,1722544144
516,palasa,18.7667,84.4167,27.22,76,100,2.81,IN,1722544145
517,cho dok,10.7,105.1167,25.89,88,100,2.16,VN,1722544146
518,qamdo,31.1667,97.2333,8.37,65,100,2.28,CN,1722544147
519,lulea,65.5842,22.1547,15.04,94,75,4.12,SE,1722543884
520,dongola,19.1667,30.4833,33.8,42,100,6.59,SD,1722544149
521,nuku'alofa,-21.1333,-175.2,23.19,78,75,3.6,TO,1722544151
522,shizunai-furukawacho,42.3339,142.3669,20.54,96,100,3.56,JP,1722544152
523,nuuk,64.1835,-51.7216,11.34,62,0,8.23,GL,1722544153
524,salinopolis,-0.6136,-47.3561,27.59,74,89,4.88,BR,1722543896
525,berezovyy,51.6667,135.7,14.65,81,96,1.48,RU,1722544156
526,woolgoolga,-30.1106,153.2007,10.93,61,8,6.96,AU,1722544157
527,surazh,53.0175,32.3918,14.2,86,3,3.13,RU,1722544158
528,watsa,3.0372,29.5355,18.52,94,96,0.45,CD,1722544159
529,dashitou,43.3067,128.5114,20.73,94,62,1.7,CN,1722544160
530,oros,-6.2444,-38.9136,32.3,31,10,3.81,BR,1722544161
531,jacmel,18.2342,-72.5347,23.91,80,49,2.56,HT,1722544162
532,tanjung pandan,-2.75,107.65,25.03,91,32,2.83,ID,1722544163
533,betio village,1.358,172.9211,29.02,69,10,3.66,KI,1722544164
534,isangel,-19.55,169.2667,22.19,83,100,2.72,VU,1722544165
535,broken hill,-31.95,141.4333,7.22,61,12,4.85,AU,1722544166
536,franceville,-1.6333,13.5836,26.42,42,42,2.2,GA,1722544167
537,mount gambier,-37.8333,140.7667,7.34,60,95,4.86,AU,1722544168
538,winnemucca,40.973,-117.7357,37.03,11,0,2.5,US,1722544169
539,holualoa,19.6228,-155.9522,22.36,88,60,2.88,US,1722544170
540,pacific grove,36.6177,-121.9166,25.13,86,20,4.63,US,1722544171
541,carutapera,-1.195,-46.02,27.51,70,90,3.82,BR,1722544172
542,nyala,12.05,24.8833,25.08,74,99,2.35,SD,1722544173
543,tshabong,-26.05,22.45,15.3,19,100,3.65,BW,1722544174
544,mukdahan,16.5833,104.5,23.92,97,100,1.44,TH,1722544175
545,letlhakeng,-24.0944,25.0298,16.01,54,0,5.4,BW,1722544176
546,homestead meadows north,31.8496,-106.1729,36.06,23,20,3.09,US,1722544177
547,sant'antioco,39.0664,8.4522,25.93,64,0,0.76,IT,1722544179
548,tomatlan,19.9333,-105.25,34.53,48,100,4.42,MX,1722544180
549,obiliq,42.6869,21.0703,23.03,40,0,0.51,XK,1722544181
550,liminka,64.8099,25.4155,15.04,94,100,1.54,FI,1722544182
551,tenenkou,14.4572,-4.9169,27.24,66,100,6.25,ML,1722544183
552,jabor,5.921,169.6434,28.18,77,80,4.66,MH,1722544184
553,saldanha,-33.0117,17.9442,8.03,86,0,5.28,ZA,1722544185
554,bulungu,-4.55,18.6,29.07,33,93,0.33,CD,1722544186
555,beira,-19.8436,34.8389,22.05,100,0,4.12,MZ,1722544187
556,sannicandro garganico,41.8384,15.5654,27.16,28,0,4.06,IT,1722544188
557,longford,53.7333,-7.8,15.75,88,99,2.15,IE,1722544189
558,bonthe,7.5264,-12.505,24.15,95,100,5.05,SL,1722544191
559,scarborough,54.2797,-0.4044,18.28,86,100,6.26,GB,1722544171
560,buka,40.8108,69.1986,30.0,25,33,1.24,UZ,1722544193
561,bobo-dioulasso,11.1771,-4.2979,23.34,93,100,2.86,BF,1722544194
562,hasaki,35.7333,140.8333,25.22,89,13,3.34,JP,1722544195
563,saudarkrokur,65.7461,-19.6394,12.35,81,99,2.68,IS,1722544196
564,kerikeri,-35.2268,173.9474,11.62,95,100,0.89,NZ,1722544197
565,pionerskiy,54.9508,20.2275,13.91,78,100,4.22,RU,1722544198
566,klaksvik,62.2266,-6.589,12.51,99,100,9.85,FO,1722544201
567,holdenville,35.0804,-96.3992,39.25,20,100,3.93,US,1722544202
568,mandan,46.8267,-100.8896,35.99,30,20,5.14,US,1722544204
569,agbabu,6.5886,4.8343,23.03,97,79,0.86,NG,1722544205
570,rohatyn,49.409,24.6093,18.85,68,99,0.5,UA,1722544206
